x,y_x,y_y
15.0,17.83830665555896,17.363270789940962
15.02,23.25986162478241,18.47018172324981
15.04,21.23833496652332,18.604814282158344
15.06,16.7669361592457,17.644270097539884
15.08,16.9459156920154,17.79911711385062
15.1,18.043671643988468,17.74064176612572
15.12,19.831867668127526,17.165334071263125
15.14,19.252990668172636,17.41558893607457
15.16,17.21896877619075,17.695731883371895
15.18,15.026021937759282,17.465085101240867
15.2,15.043209750415343,16.985236818829847
15.22,17.548969104404414,17.60632702126466
15.24,17.131335194818003,16.765200469996714
15.26,16.821071421192094,16.79523747672805
15.28,16.02242993753438,16.65623304233063
15.3,17.60284612966008,17.09241090166941
15.32,17.206760124185895,17.245987693026372
15.34,17.602195946340075,16.3732074977722
15.36,17.334850902444344,16.057039160891545
15.38,17.16036059864043,17.190632899507666
15.4,17.695080093132848,17.04815917815842
15.42,17.748020677525254,16.9465385968735
15.44,17.91068205950623,16.76312517925337
15.46,13.934477433414026,16.925755779005716
15.48,16.507344133745946,16.39563780471071
15.5,17.68238425224519,16.75171557810726
15.52,16.718378318910187,17.08475156951286
15.54,15.691567114823787,17.353683140987798
15.56,16.87538648111809,16.98978110058884
15.58,15.311637142651477,16.270009786451045
15.6,16.253761978823768,16.283932322587418
15.62,16.353204521417062,16.546175691735407
15.64,16.567624109061338,16.68669352626592
15.66,15.213575697016546,16.16770463941537
15.68,16.018116274881734,16.105852119806784
15.7,17.296810405121605,16.38135809999414
15.72,18.014656391811428,16.67901897297287
15.74,17.5893557851947,16.840179811530316
15.76,16.580649608664064,16.746185005025538
15.78,16.306859266132122,17.190419574293113
15.8,15.858532408144113,16.24047064122229
15.82,15.747951443496245,16.318684453031665
15.84,16.31837855697454,15.289139905215151
15.86,16.07429375408723,14.998068644668392
15.88,17.034891221825045,15.168357439013556
15.9,17.328964284015868,15.451383208403044
15.92,16.65760904696047,16.097106919572415
15.94,15.43902323763865,15.998560166529405
15.96,16.63028832521354,15.338490261424997
15.98,18.184722160618406,15.208699432154798
16.0,16.73186594840102,15.669909914707706
16.02,15.282224154025839,15.660456657002175
16.04,15.890650400451,15.31073169005435
16.06,17.17732139315249,15.581607442432924
16.08,15.470171634337625,15.231618349932944
16.1,14.536652288059042,15.017543547564298
16.12,14.115066479259086,14.835206561063421
16.14,15.86927900793296,15.761139824105706
16.16,17.53251153264115,15.674760934591063
16.18,17.693183277170167,15.401041612258297
16.2,14.539167101482274,16.588945282491323
16.22,14.383900836140349,15.892051307857214
16.24,13.991627426104252,16.118705441688046
16.26,14.760330253966147,16.88162761644812
16.28,15.399773803015467,16.05888584066112
16.3,15.47408941170474,15.180389623569075
16.32,16.59390267872687,14.64227111288623
16.34,14.368087206505452,15.221863095806789
16.36,14.575607666556545,15.294387400108985
16.38,16.064470560578574,15.246591263634947
16.4,14.619580202456653,15.849431401337661
16.42,13.972006152575208,15.69341867763074
16.44,14.256882218246156,15.235818190485311
16.46,16.20755266441999,14.88243557258671
16.48,16.035100219627616,14.842233538653206
16.5,15.159250753223938,14.690045821518426
16.52,15.606408223249936,14.538760539939648
16.54,16.320972606639028,14.771052986736546
16.56,14.985707871950853,15.215775551567017
16.58,14.633142382843277,13.888348370051018
16.6,14.315572670524576,14.363688878296813
16.62,13.588136898912662,15.146446119882189
16.64,13.606444034186167,14.50407885422072
16.66,14.418397225311892,14.526767559542863
16.68,15.086728407240631,13.884490352260318
16.7,15.170050058619147,13.412382400606639
16.72,14.003761351859238,13.283742448246032
16.74,14.904581735242505,13.828166675367095
16.76,15.931739748993737,14.166301410580905
16.78,16.066100002385845,14.480911833338759
16.8,15.507672300811322,14.183022051117291
16.82,14.432869006690797,14.40599067252828
16.84,14.826453442324818,14.518161504047871
16.86,15.199668419371273,14.449229128746593
16.88,15.38167365743299,14.123741464485917
16.9,15.66662927975301,13.686871251374408
16.92,14.05762433049787,13.80527544577028
16.94,14.817319751143348,13.503597621626355
16.96,14.94100234850639,13.979244533477427
16.98,14.664956933523214,14.043524417852256
17.0,13.820250525060583,14.313787471853896
17.02,14.866425172090048,14.919442900903707
17.04,14.997454712421487,15.17204709588776
17.06,14.455969404769053,14.928817933567915
17.08,14.544330561622644,13.455498964709724
17.1,13.883747189067119,13.560555991725167
17.12,14.001486540822388,13.869264148719186
17.14,13.966039130426743,13.730958064078374
17.16,14.910633479677058,13.667886766385843
17.18,14.25857514513149,13.3213363323139
17.2,14.115953897088815,13.976004097830103
17.22,14.130911838329896,13.786897507449686
17.24,13.680386361617906,13.845757261789224
17.26,13.88536263304557,13.761962164467784
17.28,13.283150292833396,14.282115793813276
17.3,13.734085266337736,14.199076360549075
17.32,13.860157531194346,14.164663711448103
17.34,13.9660360712963,14.695548819856835
17.36,12.798128014977596,13.694173379415249
17.38,13.558105070157545,13.039383643740614
17.4,13.617478101239781,13.544486416278177
17.42,13.842353318567849,14.378372787449765
17.44,13.269144013317865,13.7125813707253
17.46,12.93213390376748,13.499298735763961
17.48,13.381059387805532,13.981599829688472
17.5,13.544122119292766,14.756283784843783
17.52,14.790836613354609,14.033290678444613
17.54,13.51964561730211,13.660726583963797
17.56,12.908611874843926,14.02441123303199
17.58,13.203707822334046,14.275029278412227
17.6,13.685456469323412,14.147841533667927
17.62,13.177845189865515,13.633014299013237
17.64,13.53174512614042,13.28068264038421
17.66,13.782093951119027,14.106093625428993
17.68,14.256698709452621,14.228280942309164
17.7,14.06967670211499,13.890994065036997
17.72,14.383931991413341,13.70129769176482
17.74,14.01431517120367,13.609811152699251
17.76,13.232630039110155,12.740816173426357
17.78,13.824357692995616,12.431265714185962
17.8,14.840784808859665,12.093912803349742
17.82,13.799672152407858,12.390604238048208
17.84,12.348973619871192,13.506430067202224
17.86,12.480152230433205,14.197587154999349
17.88,13.178211503813488,13.2806930262263
17.9,13.151848053888305,12.938070066683085
17.92,13.298071845293146,13.073558601450756
17.94,13.547619723279018,13.678264674365328
17.96,13.992292955641108,12.874768572776684
17.98,13.75353392654377,12.791183127368708
18.0,13.527043912511942,13.166430347955078
18.02,13.35540211565039,13.483224474346859
18.04,13.743683586580758,13.069128408239285
18.06,13.619788186039473,12.48203089425871
18.08,13.696210884354729,12.414351616002842
18.1,12.63634671530654,13.184717083469886
18.12,12.94285652091847,12.858218586264233
18.14,13.261765709534032,13.945940966233383
18.16,13.743231057972258,13.70915537789846
18.18,14.338639660256176,13.016731119573338
18.2,13.859637684610536,12.55067525891975
18.22,13.155893366085703,13.166309601762649
18.24,13.611512543698478,13.024974985116796
18.26,12.501990248670397,13.050158807270948
18.28,13.551944020057542,12.84365914865733
18.3,13.452822615078588,13.38646588637839
18.32,11.92466897325287,13.446667491256747
18.34,12.471793446484096,13.505928137427224
18.36,13.207686355337483,12.896670207281067
18.38,12.69165418565807,12.582245134614867
18.4,13.29853717655781,12.796243721679502
18.42,13.430837508599831,13.181435275277856
18.44,13.73105436004821,12.949007688374929
18.46,14.368385344398082,13.01729839074647
18.48,13.688612980797773,12.686501841141641
18.5,13.35030892969763,13.508984400187163
18.52,13.474571622908874,13.795435613581105
18.54,12.39135655897842,13.336692110541673
18.56,12.001188304099694,13.177627524409896
18.58,12.230086485353722,12.629416915403933
18.6,13.336143634965262,12.5526405117715
18.62,12.937815919127058,12.180932906356293
18.64,13.431898496897816,12.702489548922005
18.66,14.042038125920303,12.899381181472055
18.68,14.044890418482588,12.660772722715262
18.7,13.050529204461203,13.10316117126022
18.72,12.815197126619713,13.135858713352055
18.74,13.193316394975602,12.880677621932596
18.76,12.808583530280654,11.97909391374339
18.78,12.979766047902086,12.43282018949278
18.8,13.003624563028442,12.795032595246322
18.82,13.069265182963608,13.114905739333668
18.84,12.02886544652848,12.867871541648881
18.86,12.49469593324497,13.059591123871263
18.88,12.892170280351849,12.350165708502875
18.9,13.80420148552037,12.649159646873334
18.92,13.6976115840238,12.979279148780094
18.94,13.126147205346768,12.89481578051025
18.96,13.403802228673422,13.397440756285478
18.98,12.927394613967866,13.450056034988064
19.0,13.886931778180035,12.12918934842092
19.02,13.683227144689727,12.692787987756148
19.04,13.599452898099356,12.325421545593292
19.06,12.906388370811262,12.253909922243983
19.08,12.777669758683306,12.755578036232759
19.1,12.886491757664214,12.770392090715818
19.12,13.417527103312855,13.029800589831982
19.14,13.307180026715248,13.75140049832253
19.16,13.597720854205633,13.552500475703319
19.18,14.074417012420641,13.25500180155702
19.2,13.398802668286647,13.453771447776187
19.22,13.191820861300291,12.357409242804852
19.24,12.33007106886989,12.789714280415193
19.26,12.216900650138236,13.175270092400508
19.28,12.226587162898086,13.413331790888186
19.3,13.231183530427618,13.549032622874439
19.32,13.236430271389057,13.097748142451858
19.34,13.900042902467174,13.328374185713423
19.36,13.822731277442958,13.14459781277969
19.38,13.93094836600131,13.584948631802877
19.4,13.753874030170737,12.42276436786497
19.42,13.777913256484174,12.418221184378273
19.44,13.228763165304871,13.408806763028275
19.46,12.939087005670219,13.496792399420945
19.48,12.267811685661767,12.969278244338877
19.5,13.781356822414203,12.71187964439738
19.52,13.297600518337868,13.035542519259026
19.54,11.71313359806166,12.628842532135609
19.56,12.500396529561684,12.840511445240145
19.58,13.368408668667433,13.157232726075904
19.6,14.178854490476619,13.162903619470235
19.62,13.087913978798461,12.83406703671034
19.64,13.538964940441272,12.433188395416378
19.66,13.54652803323424,12.86359141724328
19.68,13.043288494911737,12.911321305855102
19.7,13.136222477728884,13.053762553859558
19.72,12.976040753316,13.44208865373216
19.74,13.174612540939837,12.758866787351995
19.76,13.786902912028886,13.168869983930202
19.78,14.632400258521113,13.060701473722311
19.8,14.226366533896206,12.733793735650913
19.82,13.569041113084111,12.91887914685597
19.84,13.67501224998626,13.171507580093442
19.86,13.700730392605394,12.938255534006352
19.88,13.695562357409637,12.954929273105284
19.9,13.765396655394454,12.927211824702269
19.92,13.95356350787422,13.25723718036422
19.94,13.704150978530192,13.166505728425335
19.96,14.123976211774652,12.995847086661296
19.98,14.351870181140791,13.17544137390618
20.0,14.15401434324654,13.002271060255689
20.02,14.454176049090663,12.775250038224263
20.04,14.302332181851115,13.05087920390271
20.06,13.949308126938543,13.735846001135267
20.08,13.228691780183143,13.479491298861817
20.1,13.600643811741543,12.967520669515991
20.12,13.449513811618456,13.29540965760476
20.14,12.815715803703538,13.573589105637977
20.16,13.38385648395199,13.45475545467615
20.18,12.69640468963382,13.284797167003138
20.2,13.988083141304642,12.992939031386229
20.22,13.538049744361677,12.859201664928387
20.24,12.793049939599781,13.43551124522176
20.26,13.056084491320473,12.984023940883864
20.28,12.79358987499278,12.461680803495799
20.3,12.864696590020717,12.51989589913764
20.32,13.015955136051206,13.218863999886056
20.34,12.50908548744616,13.391081082288022
20.36,13.041397688700489,13.107578117856258
20.38,13.460205544956025,13.24250947479282
20.4,13.423552901871641,12.414210619209559
20.42,13.2139050861796,12.251509275567741
20.44,13.077853492818948,13.194086047870039
20.46,13.245454976873415,12.653327759073639
20.48,13.45518490131298,12.67293664759904
20.5,12.922254035081005,12.878257078520644
20.52,12.720550956690413,12.830082946290485
20.54,12.707543192927773,12.361948267582282
20.56,12.615824532407018,12.497476184513795
20.58,12.942559718841087,12.825769113522584
20.6,13.487973829619873,12.560212934036388
20.62,13.73128470581389,12.20555028642434
20.64,13.001741966927945,13.114535989158211
20.66,13.327797187836628,12.942422790776495
20.68,13.545160787367285,12.687906998724559
20.7,13.909601917680286,12.861495588786712
20.72,13.335180153927949,13.335248033493322
20.74,13.642624565960567,13.26186941210332
20.76,13.688358318550131,13.276838591964315
20.78,12.823458473958512,13.436729746271858
20.8,12.786825816376938,13.374268442962151
20.82,13.17214018618144,13.632139533340998
20.84,13.189043291472267,12.91589957850966
20.86,12.285795737601784,13.004848464906756
20.88,12.213489609912092,12.839824187171512
20.9,12.413015716144292,12.893542539396602
20.92,12.168435162889557,13.00572894162413
20.94,12.07097711599962,13.105400340433752
20.96,13.113140838348635,13.198901504297083
20.98,12.364058305884875,12.981789821847807
21.0,12.574747176923047,12.325803681460032
21.02,13.250508562047061,12.628368872360662
21.04,13.030363687284316,13.264648114600185
21.06,12.935767794788372,13.25005186224642
21.08,12.884780002892652,12.619577989539682
21.1,13.068593393765195,12.611308007319806
21.12,12.595664491734333,11.870905707544132
21.14,12.228440854188591,13.00948602563335
21.16,12.240023144438453,13.059125098889748
21.18,13.064211605912083,12.277030207823026
21.2,12.679079717371577,12.42619104477
21.22,12.47559202260251,12.009363034108555
21.24,12.475082388572664,12.705217711392619
21.26,12.919324718735032,13.357926782897646
21.28,13.201620642871243,13.229490668760363
21.3,13.856838602318978,12.655324219390154
21.32,13.277795350384835,12.40402963444601
21.34,13.162643152501772,11.876244632741658
21.36,12.659138002781745,12.678540432405917
21.38,12.526636777672067,12.882469391016278
21.4,12.195266999285309,12.35588457554058
21.42,12.46916140492752,11.51482612899317
21.44,12.317053521457277,12.881047390528156
21.46,12.709834896784864,13.247950005701195
21.48,13.17896500902155,12.616716073173192
21.5,12.833434290245235,12.35050617413908
21.52,12.443753253501857,12.02480387473411
21.54,12.216046521688554,11.935757420683661
21.56,12.452325946890051,12.607387774409789
21.58,12.170835831239094,12.800222935129776
21.6,12.390691517197256,12.18002007950468
21.62,12.599884700543788,12.583664068898175
21.64,12.341636354163402,12.08794373243856
21.66,12.741665960998388,12.170839503736245
21.68,13.060256689463545,12.457193313220973
21.7,12.443420630971602,11.718534782287934
21.72,12.314972879166277,12.212164185728183
21.74,12.206705473703522,12.777639231601814
21.76,11.415877621999048,11.614000260427463
21.78,11.542280099364474,11.597924934981082
21.8,12.20495512575989,11.764817524408812
21.82,12.032574384096936,11.935868033604722
21.84,12.503168780113546,12.065674276128517
21.86,12.730524257523221,12.266739842752127
21.88,12.052801815573307,12.183139031101359
21.9,12.027759890348344,12.371748024250126
21.92,11.889148212277373,12.448819536490467
21.94,11.82858344198959,12.438948108500734
21.96,11.251154490042643,12.500734835208045
21.98,11.751395708159153,11.727077183215735
22.0,12.333506547170588,11.553557877375276
22.02,12.428116067575434,11.771736170246124
22.04,11.597659150477183,12.00606177162465
22.06,11.424862723084514,12.259250906302652
22.08,11.800673761380006,11.711147639595064
22.1,12.426782802960586,11.68813195396403
22.12,12.310530776866036,12.163417840768536
22.14,12.313931821518137,12.93286956656148
22.16,11.906626080801793,12.721648767774825
22.18,11.927252752039722,12.589926385009854
22.2,11.917696227988548,12.394831194566434
22.22,11.811608512215608,11.9527635982118
22.24,11.763166820242306,12.05812193923203
22.26,11.797343873325977,12.14979153009187
22.28,12.190753894407207,11.697645918159061
22.3,12.136201703604412,12.310761969367894
22.32,11.963203257505036,12.110549550276325
22.34,12.159630148481119,11.946813210086802
22.36,11.647010238240629,12.319658459764995
22.38,12.252759058381205,11.698907199375359
22.4,11.858350737759748,12.042953761222982
22.42,12.147027416485582,11.882161662577548
22.44,12.014755243017015,11.872273019313711
22.46,11.757452417336765,12.118678704830046
22.48,12.14265291376311,12.264142291558445
22.5,12.396995121836346,11.888425073034371
22.52,12.539463184144985,11.471090351571988
22.54,12.036290909347889,11.718327633011056
22.56,12.251396484542754,12.111990535642818
22.58,12.6241075655147,12.588671597617552
22.6,11.879924716420968,12.068168433108669
22.62,11.982288609837187,11.901885357492443
22.64,12.401557187884332,12.355535431384519
22.66,11.536900672550448,12.10328420237059
22.68,11.11528622994525,12.190515021458204
22.7,11.936748120760814,12.481959356247454
22.72,11.778110590144305,12.131601521310126
22.74,11.75307537405375,11.736894100895022
22.76,11.297387602604077,12.071586548306476
22.78,11.566550036035597,11.7204697312779
22.8,12.306899270314569,11.51672921877767
22.82,12.492948108122935,12.008687770529411
22.84,12.45445266692816,12.143246376475053
22.86,12.02821463029352,11.75511791759529
22.88,11.709627044154079,11.337728481950881
22.9,11.938734115733038,11.939504110605835
22.92,11.286183228436736,12.314957126874882
22.94,11.057008410070884,12.010243672926777
22.96,11.667950150389801,12.180700367862952
22.98,11.49663206531763,12.551009036023165
23.0,11.117753913865284,11.754263929461176
23.02,11.559460571407575,12.016597573270245
23.04,11.860756687332941,11.982177135208104
23.06,11.934064752349222,11.727985629535063
23.08,11.535840069708044,11.439600115219548
23.1,11.449595459197033,11.349173663268441
23.12,10.959498048911914,12.134391213890174
23.14,10.905544671475376,11.646504030946836
23.16,11.069424303670926,12.272522100229896
23.18,11.386265647408957,12.046967954846489
23.2,11.14448124236596,12.080163478142502
23.22,11.149793583555331,11.849300316211385
23.24,11.412999198979065,12.010483751257398
23.26,12.053430719466828,12.04662774991157
23.28,11.84543619819069,11.967948256587412
23.3,10.93032625893203,11.707195306980456
23.32,11.4125724494179,11.59199869982644
23.34,11.597923268228621,12.07371199277001
23.36,11.659938938225489,11.894391743867828
23.38,11.743425683634474,11.60780730255692
23.4,11.503435130236298,11.817711314180405
23.42,11.65203520204247,11.80760239513687
23.44,11.24146398445236,11.931637569370562
23.46,11.373363412424645,11.502536416684446
23.48,11.14121090148358,11.885413900038557
23.5,10.776677619121457,11.432824032250432
23.52,10.730131204135837,11.616252225305917
23.54,11.534658675620237,11.920726304326017
23.56,12.151097882214549,11.932180772907742
23.58,11.800423145871173,12.037445260683914
23.6,10.945266610267389,12.25316804828378
23.62,11.922976785278639,12.108965758836185
23.64,12.144511239935538,12.092972493874333
23.66,11.717049058451176,11.549694061484187
23.68,10.948486146922415,12.351574415778183
23.7,10.658489347061797,11.8447210584223
23.72,10.818589182631328,11.887217960192755
23.74,11.006178420358571,11.272805032061022
23.76,11.062721088671047,11.644202628474819
23.78,11.370226938130843,11.749687079942433
23.8,11.77446436253781,11.903147968775603
23.82,12.182036570734791,12.331385193147987
23.84,11.985700769903971,11.710774960712923
23.86,11.456794808464998,11.25690677807629
23.88,11.196138032418487,12.064078968564486
23.9,10.564360013093228,11.905160202573061
23.92,11.029137741343813,12.166288182264902
23.94,10.807589522308811,11.991636647969624
23.96,10.640644814895676,12.106620636406358
23.98,10.663378295956852,12.363575387770009
24.0,10.950022364190866,12.095839428782359
24.02,10.773668253885885,12.315378572033946
24.04,11.664017021495185,12.134600206706185
24.06,11.390307933527698,12.074134896939919
24.08,10.650247251627855,11.941253891347767
24.1,10.714996672369585,12.067982832737972
24.12,11.309957532560059,11.581066201562836
24.14,11.956717962574794,11.759120354551579
24.16,12.348589626922223,11.135064098716553
24.18,11.975386392094624,11.279796669676942
24.2,11.37045655857109,11.726213289093984
24.22,10.946267685109506,11.491721168897575
24.24,10.85244871533166,11.592635591533902
24.26,10.867131899099817,11.743522519090115
24.28,11.073083973319003,11.380830258558994
24.3,11.33187733129649,11.112365944701788
24.32,11.553405914597716,11.640337316204313
24.34,11.227888434479986,11.127386534015194
24.36,10.667496015689302,11.445325712136563
24.38,10.376238847964284,11.140994592803388
24.4,10.98537238286075,10.705007344976602
24.42,11.394672413180265,11.067234378583908
24.44,11.317010979693634,11.448195868426094
24.46,11.110044992669048,10.854279705877442
24.48,11.304195967259172,11.633203446199916
24.5,12.184162323531643,12.17212088035076
24.52,11.343103540672521,12.089543805620917
24.54,10.476610913803956,12.543218423092931
24.56,10.83935317029311,11.979724333422284
24.58,11.146364336499264,11.362341287690342
24.6,10.996231946205667,10.849970010069496
24.62,10.75252545297916,11.325613226927087
24.64,11.521996442364909,11.50441527746831
24.66,12.102213732326014,11.24629361866051
24.68,11.270254738876924,11.657235171118279
24.7,11.466277898387437,11.243159692306703
24.72,11.605408778766256,10.138509313436636
24.74,11.997056320586728,10.59318788995167
24.76,11.60760482959325,11.203751126677888
24.78,11.149213664926581,11.874929216644484
24.8,11.010972084270053,12.02765573254714
24.82,11.686311075548279,11.847780217439034
24.84,11.554503769760846,11.532902577884663
24.86,11.463861459013339,11.417293173008515
24.88,11.73953260418033,10.902182196870973
24.9,11.227992580950703,11.225084395167238
24.92,10.930209729330437,10.935172737126011
24.94,10.35760669465442,10.864463020513814
24.96,10.651234592085567,10.603165837375984
24.98,10.78971769521388,10.951364081486812
25.0,11.26393453582955,11.710243413482917
25.02,11.05207326668863,10.735129420639353
25.04,11.173446869392311,11.328541337511023
25.06,10.701021112445735,12.133494512429023
25.08,10.821328965739582,11.633429253074251
25.1,10.473567603923197,11.235942898422309
25.12,10.914392729378612,11.870328227814086
25.14,11.526487070627157,11.60896614835419
25.16,11.523852962855509,10.581302720358247
25.18,11.259560960397689,10.80830728557032
25.2,11.359207214382518,10.242122196307818
25.22,10.912736510379936,10.651205252361592
25.24,10.90813852879783,11.44565494401569
25.26,11.522820672634595,11.567456272253073
25.28,11.320137461207146,11.475426560767154
25.3,11.571237452538785,11.555889277792845
25.32,12.107624895681065,11.178765834334193
25.34,11.833850217107537,10.333390165509694
25.36,11.188459686804428,10.823905268172513
25.38,10.926609228879425,12.187212879883015
25.4,10.319212664761167,11.4253210611657
25.42,10.838926759689025,10.626405850498124
25.44,11.006961946953215,10.963917066521361
25.46,11.267968211660058,10.173347625360845
25.48,11.339087758898113,10.5056228854729
25.5,11.256494526581722,11.503690767696376
25.52,11.32504170561884,11.860540036980916
25.54,11.559128330424087,10.750840772539004
25.56,11.095868686953581,10.693752617135145
25.58,10.186451619920229,11.040668250934228
25.6,10.853755379217613,11.105536902065069
25.62,11.693898603363422,10.262214624886075
25.64,11.838265988517854,11.112682270961518
25.66,12.030014789363282,11.257554668125046
25.68,11.699345040303381,12.107161444973089
25.7,11.363429847358542,12.295682323772287
25.72,11.231910858163566,10.64039032525892
25.74,11.403953016127858,10.883072802800578
25.76,11.853671566012201,11.2718888173794
25.78,11.889150382093622,10.906822670806138
25.8,11.4983947108741,11.35924197967199
25.82,11.295702247588263,10.97046624513947
25.84,11.393557378805925,12.126103448947996
25.86,11.17391372391883,10.883115095213473
25.88,11.9536477041622,11.005842277396846
25.9,11.482029146757862,11.610811458774883
25.92,10.797822742992409,10.80313796305872
25.94,10.479248011569716,10.85851755043826
25.96,10.471398228188383,11.509072192869276
25.98,11.193582182243087,11.365605427027532
26.0,11.369794418348937,11.604094705937765
26.02,11.391611372827665,11.349617024216135
26.04,11.093155765213108,11.293087090215582
26.06,10.73001038520244,12.02166618115777
26.08,11.195267952645063,10.936792529624194
26.1,10.710867973997315,10.836482581634483
26.12,10.76937150442347,11.318194912607247
26.14,11.461084491910933,10.916519017472655
26.16,11.533899823906072,11.462357651799028
26.18,10.9254649137039,11.499419616486115
26.2,11.188196616152785,11.98911938878526
26.22,11.0178700919923,11.85268484024762
26.24,11.918709291904529,12.204462135123169
26.26,11.919763407589533,12.152523280415332
26.28,11.764696445537968,10.879624439024898
26.3,10.918189478703423,10.546710573950998
26.32,11.197376591243938,10.792176464020724
26.34,11.555297240678604,10.95275953422187
26.36,11.076102733216876,11.3083295613126
26.38,10.51361950203152,10.678867990337041
26.4,10.7838612530886,10.718486484007716
26.42,11.438934613868536,10.466006692340846
26.44,11.348800281245365,11.32129005278545
26.46,11.220372234521573,10.837603251860928
26.48,11.555213422506421,10.761079702302435
26.5,11.297835789646976,10.363538014155168
26.52,11.450896853041948,11.278717378985569
26.54,11.001723929122909,11.832474765212407
26.56,11.367987468319331,12.354786325200118
26.58,11.95065941571836,11.198461399661145
26.6,11.733313525891187,10.97801377021747
26.62,11.68101387723155,10.305282443241063
26.64,10.997394546646074,11.2323005040738
26.66,11.335237391892067,11.42693519064865
26.68,11.589883704572085,11.381295092908973
26.7,11.32344671159774,11.803656574327192
26.72,11.574706053224672,11.65490741705123
26.74,11.944591896910048,9.765613429752753
26.76,11.691048380804135,10.596804719496225
26.78,12.072471924864548,11.308026367099709
26.8,12.29450097598393,10.376445594223473
26.82,11.442351980366901,10.337261794734644
26.84,11.123358728776788,11.52449008863467
26.86,11.580888184775224,11.86744639402807
26.88,11.573332733442847,12.180137388883772
26.9,10.8586900472801,12.408165703713642
26.92,11.488039996177534,12.118228349027392
26.94,11.378289094045567,10.410937988573513
26.96,11.3622447106035,12.457061555766593
26.98,10.678242981474437,13.466561573370026
27.0,11.527746994632183,11.768420243546352
27.02,12.078394427357685,10.248793086014365
27.04,12.09370959100751,11.79247547859233
27.06,10.715494048630541,11.944220668692047
27.08,10.710049783254911,12.523003550151792
27.1,11.402546559037216,10.704682831449635
27.12,10.85958886077686,10.602643943302521
27.14,11.038789885021218,11.885084925381989
27.16,12.217655631429649,11.926258547328148
27.18,11.719708503960664,11.923825037487417
27.2,12.273739079543093,10.904386472979192
27.22,11.931398802447525,10.4188832424303
27.24,11.549679825807083,11.375793844901532
27.26,11.297333363361917,11.892149363258364
27.28,11.380711569377054,13.121916880180548
27.3,10.634363574639831,11.73564784949013
27.32,10.978024442231224,10.801518020152463
27.34,11.981339050832439,11.272793682880378
27.36,12.105469258696756,11.031789264706024
27.38,11.57484935872721,10.413512416706741
27.4,11.392941687475178,12.835110292943094
27.42,11.318356180875496,11.954331011260342
27.44,11.780412182084552,11.514137050241688
27.46,11.252881458724072,10.317102999569371
27.48,11.307259591588497,12.740778937437463
27.5,11.106360525006455,13.592524407521957
27.52,10.286626417285012,9.72011445936347
27.54,11.062573782680623,9.740329838469945
27.56,11.45566449881565,10.23083747912721
27.58,11.760026319426347,11.2363353920676
27.6,10.858979403445357,11.217975397781617
27.62,10.322037409632468,10.775220533008914
27.64,11.007613902873256,11.116659423756172
27.66,10.836783530552209,12.401764946559537
27.68,11.33896943461459,10.59616640246806
27.7,11.471509571495522,12.267442153312004
27.72,11.384984255156667,12.476798260392405
27.74,11.494184407558064,12.750334397502057
27.76,10.756111472004525,12.858981594528219
27.78,10.728389621710928,12.399485610801259
27.8,11.328926987200376,12.45092182316369
27.82,10.706166331345065,14.37237571494637
27.84,10.99139649833035,12.846522328742068
27.86,11.832552574545456,12.339049430930382
27.88,11.923904403548901,12.420406711952694
27.9,11.168498646679048,11.260661133598829
27.92,11.121566138362997,11.100734749304383
27.94,11.349369226237403,9.010111386278012
27.96,11.894772361528439,9.841777292345244
27.98,11.987252598863943,8.817322931948663
28.0,11.581875178019684,
28.02,11.86156132347303,
28.04,12.319122850806478,
28.06,11.71539249435557,
28.08,11.490701440860803,
28.1,12.111535511991836,
28.12,11.511335902333418,
28.14,11.285540065577212,
28.16,11.03652893793807,
28.18,11.921912097701647,
28.2,11.57434274288397,
28.22,11.270608808840137,
28.24,10.816482180064261,
28.26,11.765346753236464,
28.28,11.461769025980367,
28.3,11.235149810060241,
28.32,11.378982987373686,
28.34,10.821488818572522,
28.36,11.14230409401667,
28.38,11.538393177242856,
28.4,11.180362711400337,
28.42,12.034095963563182,
28.44,11.416097866665526,
28.46,10.670008274473467,
28.48,10.451513367929595,
28.5,10.891942591252734,
28.52,10.844202313071937,
28.54,10.973259830349678,
28.56,11.266926468701437,
28.58,11.162544739291478,
28.6,11.137128658320739,
28.62,10.603000315452231,
28.64,11.259961771825305,
28.66,11.59139206680992,
28.68,11.677124549090092,
28.7,11.458568844160528,
28.72,10.917078317752859,
28.74,11.290404567284188,
28.76,10.858166638310719,
28.78,11.431956010163452,
28.8,11.13006477195568,
28.82,11.503030506973788,
28.84,11.285822703396791,
28.86,11.849417677720771,
28.88,11.34223244107554,
28.9,11.572236949069204,
28.92,11.51564109257535,
28.94,11.211776808329978,
28.96,10.725864286904297,
28.98,10.508222154622889,
29.0,11.281610377074196,
29.02,11.193961190253594,
29.04,11.571998079889273,
29.06,11.646911051841595,
29.08,11.54628133531748,
29.1,11.083864561231108,
29.12,10.882922576654112,
29.14,10.973486440462151,
29.16,11.056243342317496,
29.18,11.053798459570187,
29.2,11.131400530175931,
29.22,11.45927564381123,
29.24,11.53979618500055,
29.26,11.22772232461948,
29.28,11.102137884997667,
29.3,11.223279391416698,
29.32,11.105236106572589,
29.34,11.23194336142723,
29.36,11.52373580977208,
29.38,11.573257658193723,
29.4,11.212126832403667,
29.42,10.664687415274864,
29.44,11.040680297912829,
29.46,11.749852316378746,
29.48,11.559887038721415,
29.5,11.485828477581567,
29.52,11.156187382879756,
29.54,11.44111652441556,
29.56,11.712718952775521,
29.58,11.012447939168611,
29.6,10.62558694975961,
29.62,11.08496746406016,
29.64,12.077056090702952,
29.66,12.070295824162923,
29.68,11.801368051658695,
29.7,11.50229689339072,
29.72,10.500864272080818,
29.74,10.576497543250648,
29.76,10.947370177216294,
29.78,11.029605498946951,
29.8,10.885030970269082,
29.82,10.959520980447376,
29.84,11.0854411918694,
29.86,11.645680391321564,
29.88,11.388986062602028,
29.9,11.089667581760436,
29.92,11.216490767558888,
29.94,11.34315892597006,
29.96,11.637234161123963,
29.98,11.38103649082128,
30.0,10.840968683317787,
30.02,11.300240678855763,
30.04,11.148737267324432,
30.06,11.236034858800426,
30.08,11.036328892800412,
30.1,11.324744366451556,
30.12,11.166277583785222,
30.14,10.192528742497968,
30.16,10.257789235628984,
30.18,10.238612542520857,
30.2,10.602627880444373,
30.22,11.30609267728345,
30.24,10.533502699015438,
30.26,10.808751359473545,
30.28,11.418448580770308,
30.3,11.68502827484078,
30.32,11.14464743157315,
30.34,11.303237548045047,
30.36,11.519938983276008,
30.38,11.630026535690062,
30.4,11.272382366304358,
30.42,10.488993947606833,
30.44,10.452988586478131,
30.46,11.159088868806768,
30.48,11.382556133651258,
30.5,11.76716124170621,
30.52,11.499739581332827,
30.54,11.156411395344392,
30.56,11.135860371952806,
30.58,11.481250860255917,
30.6,11.84501121026278,
30.62,10.719356513631572,
30.64,10.749031245159324,
30.66,11.02337246838197,
30.68,11.325363349717765,
30.7,11.111899153315834,
30.72,10.81592151453918,
30.74,10.801926979023024,
30.76,11.130071101377544,
30.78,10.906161391765819,
30.8,10.559200858046436,
30.82,10.786138205482589,
30.84,11.230941308322949,
30.86,11.55136281043797,
30.88,11.553692429146675,
30.9,12.170099658690644,
30.92,11.121753434406983,
30.94,10.750688398759934,
30.96,10.825478807939351,
30.98,10.84582559701371,
31.0,10.419298787162322,
31.02,10.487616986033164,
31.04,11.164606800683101,
31.06,12.120889854556959,
31.08,11.471899638470827,
31.1,11.643441805790381,
31.12,11.164561981221528,
31.14,10.475646444226271,
31.16,10.40861748046859,
31.18,11.25512731025553,
31.2,11.103776329485166,
31.22,11.328404904732727,
31.24,11.423555048962129,
31.26,11.064079538778081,
31.28,11.413574717549887,
31.3,10.90637669775562,
31.32,11.10397255862604,
31.34,11.64477703403036,
31.36,11.49072095260973,
31.38,11.491015717199534,
31.4,11.13168401667273,
31.42,11.072082703243836,
31.44,11.145832192113074,
31.46,11.54913724611936,
31.48,11.196768664042974,
31.5,11.018619033664516,
31.52,11.297931081193555,
31.54,10.871748534461785,
31.56,10.764134204494244,
31.58,10.81693392398043,
31.6,10.201456745835934,
31.62,10.913142719052914,
31.64,11.465694199613713,
31.66,10.823227803359206,
31.68,11.49848630405336,
31.7,11.324613689735383,
31.72,10.637672290520927,
31.74,9.965383792426815,
31.76,11.625987486413745,
31.78,12.075840119332957,
31.8,12.172249936323402,
31.82,11.275868318242788,
31.84,11.062615558336493,
31.86,10.870967070422449,
31.88,11.82886357903535,
31.9,12.519928508258598,
31.92,11.844846264815608,
31.94,11.197986782469297,
31.96,11.776611353026434,
31.98,11.845620140697834,
32.0,11.623143847746762,
32.02,11.924099595099062,
32.04,11.997482169746853,
32.06,10.959379114110195,
32.08,11.46770164633044,
32.1,11.772777046628885,
32.12,12.06548334074334,
32.14,10.702055922483936,
32.16,10.027442144007269,
32.18,10.699700272499529,
32.2,10.957530676706748,
32.22,11.746901562902885,
32.24,10.033669257636518,
32.26,10.451246724651005,
32.28,11.745104448820628,
32.3,11.65908620682373,
32.32,11.44292196972034,
32.34,11.384415154187616,
32.36,11.445779833813575,
32.38,10.886071630019833,
32.4,10.89825778036472,
32.42,11.667808735510501,
32.44,11.009772989925365,
32.46,11.129896997080328,
32.48,10.947395505780138,
32.5,11.020157379740512,
32.52,10.47376623121333,
32.54,10.453734087732379,
32.56,10.579738969791643,
32.58,10.474052395245437,
32.6,10.802974578222967,
32.62,10.764069221720394,
32.64,10.12312888386765,
32.66,10.465427284495847,
32.68,11.21026057971301,
32.7,10.708701739725228,
32.72,10.787330360039507,
32.74,11.085505503027953,
32.76,10.94681723111565,
32.78,11.18528326984874,
32.8,11.558729030691953,
32.82,12.091263233191071,
32.84,11.663300056671249,
32.86,11.248097643548695,
32.88,11.729537800776095,
32.9,10.314879607444835,
32.92,10.342063729834212,
32.94,10.26064949275437,
32.96,10.53605706102709,
32.98,10.318894796914202,
33.0,9.947870357886643,
33.02,10.068615626545341,
33.04,10.97430732550807,
33.06,11.427995397493188,
33.08,10.667446557367589,
33.1,9.936689660811577,
33.12,10.808731948335742,
33.14,10.977225454114807,
33.16,10.292030158114578,
33.18,10.7995542749365,
33.2,10.698665525971089,
33.22,10.666569409865021,
33.24,10.608406703129829,
33.26,11.844972710493076,
33.28,10.926825792746339,
33.3,10.592786585573572,
33.32,11.701506507608894,
33.34,11.030895660607998,
33.36,9.950356838262378,
33.38,10.424032976252665,
33.4,10.982976249855621,
33.42,9.778615186216436,
33.44,10.863893726754219,
33.46,11.765101033282376,
33.48,10.118417858098807,
33.5,9.537314093320159,
33.52,10.246416421778878,
33.54,10.940361171779944,
33.56,9.942511388449567,
33.58,10.507688288503903,
33.6,10.042553813950233,
33.62,11.448697041920441,
33.64,10.059438179858649,
33.66,10.365483364149348,
33.68,11.446818308481346,
33.7,10.254660160972358,
33.72,9.397118053950866,
33.74,11.140352643482002,
33.76,10.804617475306925,
33.78,10.073675488882555,
33.8,11.736158765390684,
33.82,12.085888193024148,
33.84,9.50641513070204,
33.86,9.557716005494948,
33.88,9.833270349218463,
33.9,10.273584060109581,
33.92,11.502132174420291,
33.94,11.382461161586672,
33.96,12.184754006274979,
33.98,12.507445487145889,
34.0,12.568871401165485,
34.02,11.25017726389228,
34.04,11.429738514400052,
34.06,13.587272258449953,
34.08,12.498488132991984,
34.1,10.869568425106655,
34.12,11.586520169812538,
34.14,11.28849883069346,
34.16,9.908629670523261,
34.18,8.213085981522527,
34.2,9.431385662462414,
34.22,10.327637529687587,
34.24,9.810102806660229,
34.26,8.344911238733644,
34.28,9.971925402066068,
34.3,12.267318190804783,
34.32,8.657243135496667,
34.34,8.92472237380718,
34.36,2.292465097100503,
34.38,4.961999961704272,
34.4,,
34.42,,
34.44,,
34.46,,
34.48,,
34.5,,
34.52,,
34.54,,
34.56,,
34.58,,
34.6,,
34.62,,
34.64,,
34.66,,
34.68,,
34.7,,
34.72,,
34.74,,
34.76,,
34.78,,
34.8,,
34.82,,
34.84,,
34.86,,
34.88,,
34.9,,
34.92,,
34.94,,
34.96,,
34.98,,
10.0,,27.700256576677923
10.02,,24.94847134496553
10.04,,23.817812315258564
10.06,,24.540825092446646
10.08,,25.280620731048224
10.1,,26.20821487400657
10.12,,27.012829790471216
10.14,,25.244236710831522
10.16,,25.145523419778495
10.18,,24.490275700706427
10.2,,24.305331800017516
10.22,,24.34485264176596
10.24,,27.384166562813984
10.26,,23.74264993993859
10.28,,25.512824617628244
10.3,,26.785752393835946
10.32,,28.124376255239476
10.34,,28.143222174744785
10.36,,25.183888585518577
10.38,,25.203954357783648
10.4,,25.243081390773344
10.42,,26.44781269866988
10.44,,26.865109751575325
10.46,,25.361110257604516
10.48,,26.75901652651953
10.5,,26.59555242347355
10.52,,26.469555472909803
10.54,,27.444862040227815
10.56,,25.473243161588144
10.58,,26.658693679641964
10.6,,26.394158216793375
10.62,,26.466092231927824
10.64,,24.610400862817695
10.66,,24.78442546489329
10.68,,25.622388260219907
10.7,,27.031064576681306
10.72,,26.36254241214693
10.74,,24.529835010247076
10.76,,25.25987845547908
10.78,,23.84985834637605
10.8,,23.930820894012502
10.82,,26.538826202957964
10.84,,26.57468773155364
10.86,,24.851442270731752
10.88,,25.06500977514382
10.9,,24.741720039914767
10.92,,24.247926117094288
10.94,,24.754057686884032
10.96,,24.145851545391185
10.98,,25.643318488923317
11.0,,26.432338183456213
11.02,,25.744050163789616
11.04,,26.159307550833812
11.06,,26.657892241027756
11.08,,25.959953632471464
11.1,,25.665902828414243
11.12,,25.94252686436585
11.14,,25.99761093728125
11.16,,25.948559512510442
11.18,,26.29370395493233
11.2,,26.420062172673102
11.22,,26.055142993848147
11.24,,25.230203743617263
11.26,,24.87103976407366
11.28,,24.75442286731816
11.3,,25.877410620458566
11.32,,25.461609076113955
11.34,,24.562763831323753
11.36,,24.45323548770516
11.38,,24.59490323899856
11.4,,27.03942052207676
11.42,,25.921184927286404
11.44,,24.61372465060332
11.46,,27.616543999701094
11.48,,27.156211797308902
11.5,,26.417569090933963
11.52,,26.900740277548092
11.54,,26.660112340002495
11.56,,25.827662499661802
11.58,,25.47176385498505
11.6,,25.572679656139417
11.62,,26.612330913768744
11.64,,26.229769229332074
11.66,,25.62233712939334
11.68,,24.76041560772922
11.7,,25.313404777761228
11.72,,24.29879916000628
11.74,,24.94785960469875
11.76,,25.460385522029274
11.78,,25.837425479389967
11.8,,26.511415440239592
11.82,,26.456747688181625
11.84,,25.599530235484472
11.86,,24.83866537443005
11.88,,25.369128657921834
11.9,,24.679550014625175
11.92,,25.18708020687515
11.94,,26.483324588647655
11.96,,25.75598658160296
11.98,,25.582869801311457
12.0,,26.153207635563056
12.02,,26.61345119425047
12.04,,25.93849435249713
12.06,,25.388885064836035
12.08,,24.61921092421196
12.1,,23.562306261411702
12.12,,25.118791047922233
12.14,,23.90530276393765
12.16,,24.44714899830985
12.18,,25.58621851981528
12.2,,25.466121593011426
12.22,,25.04676455513015
12.24,,23.390052151668826
12.26,,22.31659812623207
12.28,,23.407120811357675
12.3,,24.31988203429213
12.32,,23.638875207070573
12.34,,22.967834881685285
12.36,,24.581811560585685
12.38,,24.90310776595001
12.4,,24.547801095400683
12.42,,24.544653405734326
12.44,,25.757639030002263
12.46,,25.337726629236005
12.48,,23.690699296785837
12.5,,24.791747294136215
12.52,,26.364625839401107
12.54,,25.970321939455648
12.56,,24.0397137653471
12.58,,24.328648160380116
12.6,,23.166385528867146
12.62,,22.544564070442078
12.64,,24.150217731773594
12.66,,24.371081718021472
12.68,,24.110880266575148
12.7,,23.539638795727996
12.72,,23.00802340713018
12.74,,23.612083363230095
12.76,,24.24751966465507
12.78,,24.764834894994998
12.8,,23.366863257175694
12.82,,23.520637884023753
12.84,,25.081076565440156
12.86,,24.971671517684115
12.88,,22.974133473515728
12.9,,23.678612898491423
12.92,,23.99689664964905
12.94,,24.185403338315126
12.96,,23.73346228302079
12.98,,24.128283441522942
13.0,,24.4671224915212
13.02,,23.45399388611831
13.04,,23.179552355517032
13.06,,23.200379402786805
13.08,,22.919029059656083
13.1,,22.329184490570082
13.12,,22.784650824170225
13.14,,23.88086590356817
13.16,,23.438405142210677
13.18,,22.637564565847892
13.2,,22.755689608641763
13.22,,22.56259324354757
13.24,,22.399929470000412
13.26,,22.63825455903834
13.28,,23.70319872775215
13.3,,23.69517698436279
13.32,,22.57756404688484
13.34,,22.084659224217795
13.36,,22.42622785730621
13.38,,22.599649794116814
13.4,,22.189127011147477
13.42,,21.81001752307008
13.44,,21.740397069862098
13.46,,21.370496359818627
13.48,,22.71374807533449
13.5,,23.79769807867322
13.52,,23.3646782960091
13.54,,22.512007354086656
13.56,,22.876532075790717
13.58,,22.33403358222148
13.6,,22.47726395123411
13.62,,22.249947538119073
13.64,,22.362071444288787
13.66,,21.16352090709029
13.68,,21.773475394134078
13.7,,23.22863718344567
13.72,,21.86422992942846
13.74,,21.741156041914522
13.76,,22.514539838373757
13.78,,21.33404347431198
13.8,,20.97466538439539
13.82,,21.981698701353587
13.84,,21.874723558945508
13.86,,21.875185519727676
13.88,,21.25967594646264
13.9,,20.751731854082628
13.92,,20.032011299045507
13.94,,20.640061238346668
13.96,,21.445550335623512
13.98,,21.54941680914216
14.0,,21.596716379704052
14.02,,21.303140079532547
14.04,,21.068799019307914
14.06,,21.68519272876296
14.08,,21.593310340162535
14.1,,20.17023646980857
14.12,,19.586541774528104
14.14,,21.235121972921046
14.16,,20.95000183744415
14.18,,20.748643705047286
14.2,,20.396415140564212
14.22,,20.71175292806897
14.24,,19.843648409783963
14.26,,19.43657608116314
14.28,,20.47162385778941
14.3,,19.93584245982721
14.32,,19.354288454407232
14.34,,18.28352362030772
14.36,,19.332263107681854
14.38,,19.5543307625617
14.4,,20.49378975058983
14.42,,21.329363495583543
14.44,,20.271301619625817
14.46,,19.591982289772545
14.48,,19.171384122055155
14.5,,19.226621436322514
14.52,,19.527470483577975
14.54,,19.425527044214864
14.56,,19.32836793054897
14.58,,18.878206880838476
14.6,,18.243644598562835
14.62,,17.97132150422211
14.64,,19.068621876922144
14.66,,19.17342031697388
14.68,,19.57731139188241
14.7,,19.70303424290087
14.72,,19.529708086184403
14.74,,19.292919960048398
14.76,,18.82352404402052
14.78,,18.696353533262307
14.8,,18.7220432582564
14.82,,18.459418960430643
14.84,,18.723017596863034
14.86,,18.013154048069797
14.88,,17.85783135504611
14.9,,18.833561709991756
14.92,,19.451138872462277
14.94,,18.48242143849043
14.96,,17.571677486182885
14.98,,17.508825813728468
